full_name,short_name,planning_email,feed_url,external,disabled,notes,base_url,python_module,parser_class,php_scraper
"Aberdeenshire Council",Aberdeenshire,,,,,,,Aberdeenshire,AberdeenshireParser,
"Allerdale Borough Council",Allerdale,,,,,,http://planning.allerdale.gov.uk/,ApplicationSearchServletParser,AllerdaleSearchParser,
"Alnwick District Council",Alnwick,,,,,,http://services.castlemorpeth.gov.uk:7777/,ApplicationSearchServletParser,AlnwickSearchParser,
"Amber Valley Borough Council","Amber Valley",,,,,,,AmberValley,AmberValleyParser,
"Angus Council",Angus,,,,,,http://planning.angus.gov.uk/PublicAccess/tdc/,PublicAccess,PublicAccessParser,
"Argyll And Bute Council","Argyll and Bute",,,,,,http://www.argyll-bute.gov.uk/PublicAccess/tdc/,PublicAccess,PublicAccessParser,
"Arun District Council",Arun,,,,,,"http://www.arun.gov.uk/iplanning/portal/page?_pageid=33,4139&_dad=portal&_schema=PORTAL",Ocella,OcellaParser,
"Aylesbury Vale District Council","Aylesbury Vale",,,,,,http://eplanning.aylesburyvaledc.gov.uk/tdc/,PublicAccess,PublicAccessParser,
"Babergh District Council",Babergh,,,,,,http://planning.babergh.gov.uk/dcdatav2//acolnetcgi.gov?ACTION=UNWRAP&RIPNAME=Root.pgesearch,AcolnetParser,AcolnetParser,
"London Borough of Barking and Dagenham","Barking and Dagenham",,,,,,http://paweb.barking-dagenham.gov.uk/PublicAccess/tdc/,PublicAccess,PublicAccessParser,
"London Borough of Barnet",Barnet,,http://duncan.devel.disruptiveproactivity.com/Barnet.cgi?day={day}&month={month}&year={year},1,,,http://194.75.183.100/planning-cases/acolnetcgi.exe?ACTION=UNWRAP&RIPNAME=Root.pgesearch,AcolnetParser,AcolnetParser,
"Barnsley Metropolitan Borough Council",Barnsley,,,,,,,Barnsley,BarnsleyParser,
"Barrow Borough Council",Barrow,,,,,,http://localportal.barrowbc.gov.uk/,ApplicationSearchServletParser,BarrowSearchParser,
"Basildon District Council",Basildon,,,,,,http://planning.basildon.gov.uk/publicaccess/tdc/,PublicAccess,PublicAccessParser,
"Basingstoke and Deane Borough Council","Basingstoke and Deane",,,,,,http://planning.basingstoke.gov.uk/DCOnline2/acolnetcgi.exe?ACTION=UNWRAP&RIPNAME=Root.pgesearch,AcolnetParser,AcolnetParser,
"Bassetlaw District Council",Bassetlaw,,,,,,http://www.bassetlaw.gov.uk/planning/acolnetcgi.gov?ACTION=UNWRAP&RIPNAME=Root.pgesearch,AcolnetParser,BassetlawParser,
"Bath and North East Somerset",Bath,,,,,,http://planning.bathnes.gov.uk/publicaccess/tdc/,PublicAccess,PublicAccessParser,
"Bedford Borough Council",Bedford,,,,,,http://www.publicaccess.bedford.gov.uk/publicaccess/tdc/,PublicAccess,PublicAccessParser,
"Berwick-upon-Tweed Borough Council",Berwick,,,,,,,Berwick,BerwickParser,
"Bexley Council",Bexley,,,,,,http://publicaccess.bexley.gov.uk/publicaccess/tdc/,PublicAccess,PublicAccessParser,
"Birmingham City Council",Birmingham,,,,,,,Birmingham,BirminghamParser,
"Blaby District Council",Blaby,,,,,,http://www.blaby.gov.uk/PublicAccess/tdc/,PublicAccess,PublicAccessParser,
"Blackburn with Darwen Borough Council",Blackburn,,http://duncan.devel.disruptiveproactivity.com/Blackburn.cgi?day={day}&month={month}&year={year},1,,,http://195.8.175.6/,PlanningExplorer,BlackburnParser,
"Blackpool Borough Council",Blackpool,,,,,,http://www2.blackpool.gov.uk/PlanningApplications/acolnetcgi.gov?ACTION=UNWRAP&RIPNAME=Root.pgesearch,AcolnetParser,BlackpoolParser,
"Bolsover District Council",Bolsover,,,,,,http://217.158.161.181/publicaccess/tdc/,PublicAccess,PublicAccessParser,
"Bolton Metropolitan Borough Council",Bolton,,,,,,http://www.planning.bolton.gov.uk/DCOnlineV2/acolnetcgi.exe?ACTION=UNWRAP&RIPNAME=Root.pgesearch,AcolnetParser,AcolnetParser,
"Boston Borough Council",Boston,,,,,,http://195.224.121.199/swiftlg/apas/run/,SwiftLG,SwiftLGParser,
"Bracknell Forest Borough Council","Bracknell Forest",,,,,,https://my.bracknell-forest.gov.uk/publicaccess/tdc/,PublicAccess,PublicAccessParser,
"Bradford Metropolitan District Council",Bradford,,,,,,http://www.planning4bradford.com/PublicAccess/tdc/,PublicAccess,PublicAccessParser,
"Braintree District Council",Braintree,,http://duncan.devel.disruptiveproactivity.com/Braintree.cgi?day={day}&month={month}&year={year},1,,,http://planningapp.braintree.gov.uk/WAM1/weeklyApplications.do,WAM,BraintreeParser,
"Breckland Council",Breckland,,,,,,"http://wplan01.intranet.breckland.gov.uk:7778/portal/page?_pageid=33,30988&_dad=portal&_schema=PORTAL",Ocella,OcellaParser,
"London Borough of Brent",Brent,,,,,,,Brent,BrentParser,
"Brentwood Borough Council",Brentwood,,/cgi-bin/Brentwood.cgi?day={day}&month={month}&year={year},,,,,,,
"Bridgend County Borough Council",Bridgend,,,,,,http://eplan.bridgend.gov.uk/portal/page/portal/bridgend/search,Ocella,OcellaParser,
"Bridgnorth District Council",Bridgnorth,,,,1,"Now part of Shropshire Unitary Authority",http://www2.bridgnorth-dc.gov.uk/planning/acolnetcgi.gov?ACTION=UNWRAP&RIPNAME=Root.PgeSearch,AcolnetParser,BridgnorthParser,
"Bristol City Council",Bristol,,,,,,http://e2eweb.bristol-city.gov.uk/PublicAccess/tdc/,PublicAccess,PublicAccessParser,
"Broadland District Council",Broadland,,http://duncan.devel.disruptiveproactivity.com/Broadland.cgi?day={day}&month={month}&year={year},1,,,http://www.broadland.gov.uk/,PlanningExplorer,BroadlandParser,
"Broads Authority",Broads,,,,,,https://planning.broads-authority.gov.uk/PublicAccess/tdc/,PublicAccess,PublicAccessParser,
"London Borough of Bromley",Bromley,,,,,,http://planningaccess.bromley.gov.uk/PublicAccess/tdc/,PublicAccess,PublicAccessParser,
"Broxbourne Borough Council",Broxbourne,,/cgi-bin/Broxbourne.cgi?day={day}&month={month}&year={year},,,,,,,
"Broxtowe Borough Council",Broxtowe,,,,,,,Broxtowe,BroxtoweParser,
"Buckinghamshire County Council",Buckinghamshire,,,,,,http://bucksplanning.buckscc.gov.uk/PublicAccessLive/tdc/,PublicAccess,PublicAccessParser,
"Bury Metropolitan Borough Council",Bury,,,,,,http://e-planning.bury.gov.uk/DCWebPages/acolnetcgi.gov?ACTION=UNWRAP&RIPNAME=Root.pgesearch,AcolnetParser,AcolnetParser,
"St Edmundsbury Borough Council","Bury St Edmunds",,,,,,http://www.stedmundsbury.gov.uk/swiftlg/apas/run/,SwiftLG,SwiftLGParser,
"Caerphilly County Borough Council",Caerphilly,,,,,,http://publicaccess.caerphilly.gov.uk/PublicAccess/tdc/,PublicAccess,PublicAccessParser,
"Cairngorms National Park",Cairngorms,,,,,,,Cairngorms,CairngormsParser,
"Calderdale Council",Calderdale,,,,,,,Calderdale,CalderdaleParser,
"Cambridge City Council",Cambridge,,,,,,http://www.cambridge.gov.uk/publicaccess/tdc/,PublicAccess,PublicAccessParser,
"Cambridgeshire County Council",Cambridgeshire,,,,,,http://planapps2.cambridgeshire.gov.uk/DCWebPages/AcolNetCGI.gov?ACTION=UNWRAP&RIPNAME=Root.pgesearch,AcolnetParser,AcolnetParser,
"London Borough of Camden",Camden,,,,,,http://planningrecords.camden.gov.uk/,PlanningExplorer,CamdenParser,
"Cannock Chase District Council","Cannock Chase",,,,,,http://planning.cannockchasedc.com/swiftlg/apas/run/wphappcriteria.display,SwiftLG,SwiftLGParser,
"Canterbury City Council",Canterbury,,,,,,http://www2.canterbury.gov.uk/planning/acolnetcgi.cgi?ACTION=UNWRAP&RIPNAME=Root.PgeSearch,AcolnetParser,CanterburyParser,
"Caradon District Council",Caradon,,,,,,http://publicaccess.caradon.gov.uk/publicaccess/tdc/,PublicAccess,PublicAccessParser,
"Carlisle City Council",Carlisle,,,,,,http://planning.carlisle.gov.uk/PlanData/acolnetcgi.gov?ACTION=UNWRAP&RIPNAME=Root.pgesearch,AcolnetParser,AcolnetParser,
"Carmarthenshire County Council",Carmarthenshire,,,,,,,Carmarthenshire,CarmarthenshireParser,
"Castle Point Borough Council","Castle Point",,,,,,"http://planning.castlepoint.gov.uk/portal/page?_pageid=35,38205&_dad=portal&_schema=PORTAL",Ocella,OcellaParser,
"Charnwood Borough Council",Charnwood,,http://duncan.devel.disruptiveproactivity.com/Charnwood.cgi?day={day}&month={month}&year={year},1,,,http://portal.charnwoodbc.gov.uk/,PlanningExplorer,CharnwoodParser,
"Chelmsford Borough Council",Chelmsford,,,,,,http://web1.chelmsfordbc.gov.uk/publicaccess/tdc/,PublicAccess,PublicAccessParser,
"Cheltenham Borough Council",Cheltenham,,,,,,http://planning.cheltenham.gov.uk/PublicAccess/tdc/,PublicAccess,PublicAccessParser,
"Cherwell District Council",Cherwell,,,,,,http://cherweb.cherwell-dc.gov.uk/publicaccess/tdc/,PublicAccess,PublicAccessParser,
"Cheshire East Council","Cheshire East",,,,,"New unitary authority currently using old Macclesfield site.",http://www.planportal.macclesfield.gov.uk/swiftlg/apas/run/,SwiftLG,MacclesfieldParser,
"Chester-le-Street District Council",Chester-le-Street,,,,,,http://planning.chester-le-street.gov.uk/publicaccess/tdc/,PublicAccess,PublicAccessParser,
"Chichester District Council",Chichester,,,,,,http://pa.chichester.gov.uk/PublicAccess/tdc/,PublicAccess,PublicAccessParser,
"Chiltern District Council",Chiltern,,,,,,https://isa.chiltern.gov.uk/publicaccess/tdc/,PublicAccess,PublicAccessParser,
"Chorley Borough Council",Chorley,,,,,,http://planning.chorley.gov.uk/PublicAccess/tdc/,PublicAccess,PublicAccessParser,
"Christchurch Borough Council",Christchurch,,/cgi-bin/Christchurch.cgi?day={day}&month={month}&year={year},,,,,,,
"City of London","City of London",,,,,,http://www.planning.cityoflondon.gov.uk/tdc/,PublicAccess,PublicAccessParser,
"Colchester Borough Council",Colchester,,http://duncan.devel.disruptiveproactivity.com/Colchester.cgi?day={day}&month={month}&year={year},1,,,http://www.planning.colchester.gov.uk/WAM/weeklyApplications.do,WAM,BraintreeParser,
"Comhairle Nan Eilean Siar","Comhairle Nan Eilean Siar",,,,,,http://planning.cne-siar.gov.uk/PublicAccess/tdc/,PublicAccess,PublicAccessParser,
"Conwy County Borough Council",Conwy,,,,,,http://www.conwy.gov.uk/,PlanningExplorer,ConwyParser,
"Corby Borough Council",Corby,,,,,,https://publicaccess.corby.gov.uk/publicaccess/tdc/,PublicAccess,PublicAccessParser,
"Cornwall County Council",Cornwall,,,,,,http://planapps.cornwall.gov.uk/publicaccess/tdc/,PublicAccess,PublicAccessParser,
"Coventry City Council",Coventry,,,,,,http://planning.coventry.gov.uk/,ApplicationSearchServletParser,CoventrySearchParser,
"Craven District Council",Craven,,,,,,http://www.planning.cravendc.gov.uk/fastweb/,FastWeb,FastWeb,
"Crawley Borough Council",Crawley,,,,,,,Crawley,CrawleyParser,
"Crewe and Nantwich Borough Council","Crewe and Nantwich",,,,1,"Now part of Cheshire East",http://portal.crewe-nantwich.gov.uk/,PlanningExplorer,CreweParser,
"London Borough of Croydon",Croydon,,,,,,http://planning.croydon.gov.uk/DCWebPages/acolnetcgi.gov?ACTION=UNWRAP&RIPNAME=Root.pgesearch,AcolnetParser,AcolnetParser,
"Cumbria County Council",Cumbria,,,,,,http://217.114.50.149:7778/ePlanningOPS/loadResults.do,AtriumePlanning,AtriumePlanningParser,
"Dacorum Borough Council",Dacorum,,/cgi-bin/Dacorum.cgi?day={day}&month={month}&year={year},,,,,,,
"Dartford Borough Council",Dartford,,,,,,http://publicaccess.dartford.gov.uk/PublicAccess/tdc/,PublicAccess,PublicAccessParser,
"Daventry District Council",Daventry,,,,,,http://212.125.73.214/swiftlg/apas/run/wphappcriteria.display,SwiftLG,SwiftLGParser,
"Denbighshire County Council",Denbighshire,,,,,,http://planning.denbighshire.gov.uk/,ApplicationSearchServletParser,DenbighshireSearchParser,
"Derby City Council",Derby,,,,,,http://eplanning.derby.gov.uk/acolnet/planningpages02/acolnetcgi.exe?ACTION=UNWRAP&RIPNAME=Root.pgesearch,AcolnetParser,AcolnetParser,
"Doncaster Metropolitan Borough Council",Doncaster,,,,,,http://local.doncaster.gov.uk/PublicAccess/tdc/,PublicAccess,PublicAccessParser,
"Dorset County Council",Dorset,,,,,,http://195.49.180.81/ePlanning/loadResults.do,AtriumePlanning,AtriumePlanningParser,
"Dudley Metropolitan Borough Council",Dudley,,,,,,http://www2.dudley.gov.uk/swiftlg/apas/run/,SwiftLG,SwiftLGParser,
"Dundee City Council",Dundee,,,,,,http://bwarrant.dundeecity.gov.uk/publicaccess/tdc/,PublicAccess,PublicAccessParser,
"Durham City Council",Durham,,,,,,http://publicaccess.durhamcity.gov.uk/publicaccess/tdc/,PublicAccess,PublicAccessParser,
"Ealing Council",Ealing,,,,,,http://www.pam.ealing.gov.uk/,ApplicationSearchServletParser,EalingSearchParser,
"Easington District Council",Easington,,,,,,http://planning.easington.gov.uk/,ApplicationSearchServletParser,EasingtonSearchParser,
"Eastbourne Borough Council",Eastbourne,,,,,,,Eastbourne,EastbourneParser,
"East Cambridgeshire District Council","East Cambridgeshire",,,,,,http://pa.eastcambs.gov.uk/publicaccess/tdc/,PublicAccess,PublicAccessParser,
"East Devon District Council","East Devon",,,,,,http://planning.eastdevon.gov.uk/PublicAccess/tdc/,PublicAccess,PublicAccessParser,
"East Dorset District Council","East Dorset",,,,,,http://193.243.228.16/PublicAccess/tdc/,PublicAccess,PublicAccessParser,
"East Hampshire District Council","East Hampshire",,,,,,http://planningdevelopment.easthants.gov.uk/dconline/acolnetcgi.gov?ACTION=UNWRAP&RIPNAME=Root.pgesearch,AcolnetParser,AcolnetParser,
"East Hertfordshire District Council","East Herts",,,,,,http://e-services.eastherts.gov.uk/swiftlg/apas/run/,SwiftLG,EastHertsParser,
"Eastleigh Borough Council",Eastleigh,,,,,,http://www.eastleigh.gov.uk/FastWEB/,FastWeb,FastWeb,
"East Lindsey District Council","East Lindsey",,,,,,http://www.e-lindsey.gov.uk/planning/AcolnetCGI.exe?ACTION=UNWRAP&RIPNAME=Root.pgesearch,AcolnetParser,AcolnetParser,
"East Lothian Council","East Lothian",,http://duncan.devel.disruptiveproactivity.com/East%20Lothian.cgi?day={day}&month={month}&year={year},1,,,http://www.planning.eastlothian.gov.uk/WAM/pas/searchApplications.do,WAM,WAMParser,
"East Northamptonshire Council","East Northants",,,,,,http://publicaccesssrv.east-northamptonshire.gov.uk/PublicAccess/tdc/,PublicAccess,PublicAccessParser,
"East Riding of Yorkshire Council","East Riding",,,,,,http://www.eastriding.gov.uk/PublicAccess731c/tdc/,PublicAccess,PublicAccessParser,
"East Staffordshire District Council","East Staffs",,http://duncan.devel.disruptiveproactivity.com/East%20Staffs.cgi?day={day}&month={month}&year={year},1,,,http://www2.eaststaffsbc.gov.uk/,PlanningExplorer,EastStaffsParser,
"Eden District Council",Eden,,,,,,http://eforms.eden.gov.uk/fastweb/,FastWeb,FastWeb,
"The City of Edinburgh Council",Edinburgh,,,,,,http://citydev-portal.edinburgh.gov.uk/publicaccess/tdc/,PublicAccess,PublicAccessParser,
"Ellesmere Port and Neston Borough Council","Ellesmere Port",,,,,,"http://ocella.epnbc.gov.uk/portal/page?_pageid=33,38205&_dad=portal&_schema=PORTAL",Ocella,OcellaParser,
"Elmbridge Borough Council",Elmbridge,,,,,,http://www2.elmbridge.gov.uk/Planet/ispforms.asp?serviceKey=SysDoc-PlanetApplicationEnquiry,Planet,ElmbridgeParser,
"London Borough of Enfield",Enfield,,,,,,http://forms.enfield.gov.uk/swiftlg/apas/run/wphappcriteria.display,SwiftLG,SwiftLGParser,
"Epping Forest District Council","Epping Forest",,http://duncan.devel.disruptiveproactivity.com/Epping%20Forest.cgi?day={day}&month={month}&year={year},1,,,http://plan1.eppingforestdc.gov.uk/,PlanningExplorer,EppingForestParser,
"Epsom and Ewell Borough Council","Epsom and Ewell",,,,,,http://eplanning.epsom-ewell.gov.uk/publicaccess/tdc/,PublicAccess,PublicAccessParser,
"Exeter City Council",Exeter,,,,,,http://pub.exeter.gov.uk/scripts/Acolnet/dataonlineplanning/acolnetcgi.gov?ACTION=UNWRAP&RIPNAME=Root.pgesearch,AcolnetParser,AcolnetParser,
"Exmoor National Park",Exmoor,,,,,,,Exmoor,ExmoorParser,
"Fareham Borough Council",Fareham,,,,,,"http://eocella.fareham.gov.uk/portal/page?_pageid=33,31754&_dad=portal&_schema=PORTAL",Ocella,OcellaParser,
"Fenland District Council",Fenland,,,,,,http://www.fenland.gov.uk/publicaccess/tdc/,PublicAccess,PublicAccessParser,
"Fife Council",Fife,,,,,,,Fife,FifeParser,
"Forest Heath District Council","Forest Heath",,,,,,http://195.171.177.73/,PlanningExplorer,ForestHeathParser,
"Forest of Dean District Council","Forest of Dean",,,,,,,ForestOfDean,ForestOfDeanParser,
"Fylde Borough Council",Fylde,,,,,,http://www2.fylde.gov.uk/planning/acolnetcgi.gov?ACTION=UNWRAP&RIPNAME=Root.pgesearch,AcolnetParser,BoltonLikeParser,
"Gateshead Metropolitan Borough Council",Gateshead,,,,,,http://planning.gateshead.gov.uk/publicaccess/tdc/,PublicAccess,PublicAccessParser,
"Gedling Borough Council",Gedling,,,,,,http://publicaccess.gedling.gov.uk/publicaccess/tdc/,PublicAccess,PublicAccessParser,
"Glasgow City Council",Glasgow,,/cgi-bin/Glasgow.cgi?day={day}&month={month}&year={year},,,,,,,
"Gloucester City Council",Gloucester,,,,,,http://www.glcstrplnng11.co.uk/publicaccess/tdc/,PublicAccess,PublicAccessParser,
"Gloucestershire County Council",Gloucestershire,,,,,,http://www.glcstrplnng11.co.uk/publicaccess/tdc/,PublicAccess,PublicAccessParser,
"Gosport Borough Council",Gosport,,,,,,,Gosport,GosportParser,
"Gravesham Borough Council",Gravesham,,,,,,http://plan.gravesham.gov.uk/PublicAccess/tdc/,PublicAccess,PublicAccessParser,
"Great Yarmouth Borough Council","Great Yarmouth",,,,,,http://planning.great-yarmouth.gov.uk/portal/page/portal/plan/weekly,Ocella,OcellaParser,
"London Borough of Greenwich",Greenwich,,,,,,http://onlineplanning.greenwich.gov.uk/acolnet/planningonline/acolnetcgi.gov?ACTION=UNWRAP&RIPNAME=Root.pgesearch,AcolnetParser,GreenwichParser,
"Guildford Borough Council",Guildford,,,,,,http://www.guildford.gov.uk/DLDC_Version_2/acolnetcgi.exe?ACTION=UNWRAP&RIPNAME=Root.pgesearch,AcolnetParser,AcolnetParser,
"Cyngor Gwynedd Council",Gwynedd,,,,,,http://www.gwynedd.gov.uk/swiftlg/apas/run/,SwiftLG,GwyneddParser,
"London Borough of Hackney",Hackney,,,,,,http://www.hackney.gov.uk/servapps/,PlanningExplorer,HackneyParser,
"Halton Borough Council",Halton,,,,,,,Halton,HaltonParser,
"Hambleton District Council",Hambleton,,,,,,http://planning.hambleton.gov.uk/publicaccess/tdc/,PublicAccess,HambletonParser,
"London Borough of Hammersmith and Fulham","Hammersmith and Fulham",,,,,,http://www.apps.lbhf.gov.uk/PublicAccess/tdc/,PublicAccess,PublicAccessParser,
"Hampshire County Council",Hampshire,,,,,,,Hampshire,HampshireParser,
"Harborough District Council",Harborough,,,,,,http://pa.harborough.gov.uk/PublicAccess/tdc/,PublicAccess,PublicAccessParser,
"Haringey Council",Haringey,,http://duncan.devel.disruptiveproactivity.com/Haringey.cgi?day={day}&month={month}&year={year},1,,,http://www.planningservices.haringey.gov.uk/,ApplicationSearchServletParser,HaringeySearchParser,
"Harlow Council",Harlow,,,,,,http://planning.harlow.gov.uk/DLDC_Version_2/acolnetcgi.exe?ACTION=UNWRAP&RIPNAME=Root.pgesearch,AcolnetParser,HarlowParser,
"Harrogate Borough Council",Harrogate,,,,,,http://publicaccess.harrogate.gov.uk/publicaccess/tdc/,PublicAccess,PublicAccessParser,
"London Borough of Harrow",Harrow,,,,,,,Harrow,HarrowParser,
"Hart District Council",Hart,,,,,,http://publicaccess.hart.gov.uk/publicaccess/tdc/,PublicAccess,PublicAccessParser,
"Hartlepool Borough Council",Hartlepool,,,,,,http://eforms.hartlepool.gov.uk:7777/,ApplicationSearchServletParser,HartlepoolSearchParser,
"Havant Borough Council",Havant,,,,,,http://www3.havant.gov.uk/scripts/planningpages/acolnetcgi.exe?ACTION=UNWRAP&RIPNAME=Root.pgesearch,AcolnetParser,AcolnetParser,
"London Borough of Havering",Havering,,,,,,"http://planning.havering.gov.uk/portal/page?_pageid=33,1026&_dad=portal&_schema=PORTAL",Ocella,OcellaParser,
"Herefordshire Council",Herefordshire,,,,,,,Herefordshire,HerefordshireParser,
"Hertsmere Borough Council",Hertsmere,,,,,,http://www2.hertsmere.gov.uk/ACOLNET/DCOnline//acolnetcgi.gov?ACTION=UNWRAP&RIPNAME=Root.pgesearch,AcolnetParser,BoltonLikeParser,
"High Peak Borough Council","High Peak",,,,,,http://planning.highpeak.gov.uk/,ApplicationSearchServletParser,HighPeakSearchParser,
"Highland Council",Highland,,/cgi-bin/Highland.cgi?day={day}&month={month}&year={year},,,,,,,
"London Borough of Hillingdon",Hillingdon,,,,,,"http://w09.hillingdon.gov.uk/portal/page?_pageid=33,82093&_dad=portal&_schema=PORTAL",Ocella,OcellaParser,
"Hinckley and Bosworth Borough Council","Hinckley and Bosworth",,,,,,https://cx.hinckley-bosworth.gov.uk/PublicAccess/tdc/,PublicAccess,PublicAccessParser,
"Horsham District Council",Horsham,,,,,,http://publicaccess.horsham.gov.uk/publicaccess/tdc/,PublicAccess,PublicAccessParser,
"London Borough of Hounslow",Hounslow,,,,,,,Hounslow,HounslowParser,
"Huntingdonshire District Council",Huntingdonshire,,,,,,http://planning.huntsdc.gov.uk/publicaccess/tdc/,PublicAccess,PublicAccessParser,
"Isle of Wight Council","Isle of Wight",,,,,,,IsleOfWight,IsleOfWightParser,
"London Borough of Islington",Islington,,,,,,https://www.islington.gov.uk/onlineplanning/apas/run/,SwiftLG,IslingtonParser,
"Kennet District Council",Kennet,,http://duncan.devel.disruptiveproactivity.com/Kennet.cgi?day={day}&month={month}&year={year},1,,,http://mvm-planning.kennet.gov.uk/,PlanningExplorer,KennetParser,
"The Royal Borough of Kensington and Chelsea","Kensington and Chelsea",,,,,,,Kensington,KensingtonParser,
"Kerrier District Council",Kerrier,,,,,,http://publicaccess.kerrier.gov.uk/publicaccess/tdc/,PublicAccess,PublicAccessParser,
"Kingston upon Hull City Council","Kingston upon Hull",,,,,,,,,hull
"Royal Borough of Kingston upon Thames","Kingston upon Thames",,http://maps.kingston.gov.uk/isis_service/PlanningAlerts.aspx?dayno={day}&monthno={month}&yearno={year}&datetype=date_week_list&username=planningalerts&pwd=Al3rts,1,,,,KingstonUponThames,KingstonParser,
"Kirklees Council",Kirklees,,,,,,,Kirklees,KirkleesParser,
"Knowsley Council",Knowsley,,,,,,http://publicaccess.knowsley.gov.uk/PublicAccess/tdc/,PublicAccess,PublicAccessParser,
"Lake District National Park Authority","Lake District",,,,,,http://www.lake-district.gov.uk/swiftlg/apas/run/,SwiftLG,SwiftLGParser,
"London Borough of Lambeth",Lambeth,,,,,,http://planning.lambeth.gov.uk/publicaccess/tdc/,PublicAccess,PublicAccessParser,
"Lancaster City Council",Lancaster,,,,,,http://planapps.lancaster.gov.uk/PublicAccess/tdc/,PublicAccess,PublicAccessParser,
"Leeds City Council",Leeds,,,,,,http://planningapplications.leeds.gov.uk/publicaccess/tdc/,PublicAccess,PublicAccessParser,
"Leicestershire County Council",Leicestershire,,,,,,,Leicestershire,LeicestershireParser,
"Lewes District Council",Lewes,,,,,,http://planning.lewes.gov.uk/PublicAccess/tdc/,PublicAccess,PublicAccessParser,
"London Borough of Lewisham",Lewisham,,,,,,http://acolnet.lewisham.gov.uk/lewis-xslpagesdc/acolnetcgi.exe?ACTION=UNWRAP&RIPNAME=Root.PgeSearch,AcolnetParser,LewishamParser,
"Lichfield District Council",Lichfield,,,,,,,Lichfield,LichfieldParser,
"Lincoln City Council",Lincoln,,,,,,http://online.lincoln.gov.uk/,PlanningExplorer,LincolnParser,
"Lincolnshire County Council",Lincolnshire,,,,,,http://eplanning.lincolnshire.gov.uk/ePlanning/loadResults.do,AtriumePlanning,AtriumePlanningParser,
"Liverpool City Council",Liverpool,,http://duncan.devel.disruptiveproactivity.com/Liverpool.cgi?day={day}&month={month}&year={year},1,,,http://www.liverpool.gov.uk/,PlanningExplorer,LiverpoolParser,
"Luton Borough Council",Luton,,,,,,http://www.eplan.luton.gov.uk/PublicAccess/tdc/,PublicAccess,PublicAccessParser,
"Macclesfield Borough Council",Macclesfield,,,,1,"Now part of Cheshire East",http://www.planportal.macclesfield.gov.uk/swiftlg/apas/run/,SwiftLG,MacclesfieldParser,
"Maidstone Borough Council",Maidstone,,,,,,http://digitalmaidstone.co.uk/swiftlg/apas/run/,SwiftLG,SwiftLGParser,
"Maldon District Council",Maldon,,,,,,http://forms.maldon.gov.uk:8080/PlanApp/jsp/searchPlanApp-action.do,Maldon,MaldonParser,
"Malvern Hills District Council","Malvern Hills",,,,,,http://public.malvernhills.gov.uk/publicaccess/tdc/,PublicAccess,PublicAccessParser,
"Manchester City Council",Manchester,,,,,,http://www.publicaccess.manchester.gov.uk/publicaccess/tdc/,PublicAccess,PublicAccessParser,
"Mansfield District Council",Mansfield,,,,,,http://www.mansfield.gov.uk/Fastweb/,FastWeb,FastWeb,
"Medway Council",Medway,,,,,,,Medway,MedwayParser,
"Melton Borough Council",Melton,,,,,,http://publicaccess.melton.gov.uk/publicaccess/tdc/,PublicAccess,PublicAccessParser,
"Mendip District Council",Mendip,,,,,"Now using planningexplorer rather than bespoke",http://planning.mendip.gov.uk/,PlanningExplorer,MendipParser,
"London Borough of Merton",Merton,,,,,,http://planning.merton.gov.uk/,PlanningExplorer,MertonParser,
"Mid Bedfordshire District Council","Mid Beds",,,,,,http://www.midbeds.gov.uk/acolnetDC/DCpages/acolnetcgi.gov?ACTION=UNWRAP&RIPNAME=Root.pgesearch,AcolnetParser,MidBedsParser,
"Mid Devon District Council","Mid Devon",,,,,,http://planning.middevon.gov.uk/publicaccess/tdc/,PublicAccess,PublicAccessParser,
"Middlesbrough Borough Council",Middlesbrough,,,,,,http://planserv.middlesbrough.gov.uk/portal/page/portal/MIDDLESBROUGH/WEEKLY,Ocella,OcellaParser,
"Mid Suffolk District Council","Mid Suffolk",,,,,,http://planning.midsuffolk.gov.uk/planning/acolnetcgi.gov?ACTION=UNWRAP&RIPNAME=Root.pgesearch,AcolnetParser,AcolnetParser,
"Mid Sussex District Council","Mid Sussex",,,,,,http://dc.midsussex.gov.uk/PublicAccess/tdc/,PublicAccess,PublicAccessParser,
"Milton Keynes Council","Milton Keynes",,,,,,http://publicaccess.milton-keynes.gov.uk/tdc/,PublicAccess,PublicAccessParser,
"Mole Valley District Council","Mole Valley",,,,,,http://www.molevalley.gov.uk/swiftlg/apas/run/,SwiftLG,MoleValleyParser,
"Moray Council",Moray,,,,,,http://public.moray.gov.uk/publicaccess/tdc/,PublicAccess,PublicAccessParser,
"Neath Port Talbot County Borough Council","Neath Port Talbot",,http://api.hexten.net/planning.api/npt?day={day}&month={month}&year={year},1,,,,,,
"Newcastle City Council",Newcastle,,,,,,http://gisccs013.newcastle.gov.uk/PublicAccess/tdc/,PublicAccess,PublicAccessParser,
"Newcastle-under-Lyme Borough Council",Newcastle-under-Lyme,,,,,,http://publicaccess.newcastle-staffs.gov.uk/PublicAccess/tdc/,PublicAccess,PublicAccessParser,
"Newport City Council",Newport,,/cgi-bin/Newport.cgi?day={day}&month={month}&year={year},,,,,,,
"New Forest District Council","New Forest DC",,,,,,http://web3.newforest.gov.uk/planningonline/acolnetcgi.gov?ACTION=UNWRAP&RIPNAME=Root.pgesearch,AcolnetParser,AcolnetParser,
"New Forest National Park","New Forest NP",,,,,,http://web01.newforestnpa.gov.uk/Pages3/AcolNetCGI.dcgov?ACTION=UNWRAP&RIPNAME=Root.pgesearch,AcolnetParser,AcolnetParser,
"London Borough Of Newham",Newham,,,,,,http://pacaps.newham.gov.uk/publicaccess/tdc/,PublicAccess,PublicAccessParser,
"North Ayrshire Council","North Ayrshire",,/cgi-bin/NorthAyrshire.cgi?day={day}&month={month}&year={year},,,,,,,
"North East Derbyshire District Council","North East Derbyshire",,,,,,http://planapps-online.ne-derbyshire.gov.uk/publicaccess/tdc/,PublicAccess,PublicAccessParser,
"North East Lincolnshire Council","North East Lincolnshire",,,,,,"http://planning.nelincs.gov.uk/portal/page?_pageid=33,64104&_dad=portal&_schema=PORTAL",Ocella,OcellaParser,
"North Hertfordshire District Council","North Hertfordshire",,,,,,http://www.north-herts.gov.uk/dcdataonline/Pages/acolnetcgi.gov?ACTION=UNWRAP&RIPNAME=Root.PgeSearch,AcolnetParser,AcolnetParser,
"North Lincolnshire Council","North Lincolnshire",,,,,,http://www.planning.northlincs.gov.uk/planet/ispforms.asp?serviceKey=SysDoc-PlanetApplicationEnquiry,Planet,PlanetParser,
"North Somerset Council","North Somerset",,http://duncan.devel.disruptiveproactivity.com/North%20Somerset.cgi?day={day}&month={month}&year={year},1,,,http://wam.n-somerset.gov.uk/MULTIWAM/weeklyApplications.do,WAM,BraintreeParser,
"North Tyneside Council","North Tyneside",,,,,,http://publicaccess.northtyneside.gov.uk/PublicAccess/tdc/,PublicAccess,PublicAccessParser,
"Northumberland County Council",Northumberland,,,,,,http://planning.northumberland.gov.uk/publicaccess/tdc/,PublicAccess,PublicAccessParser,
"North Warwickshire Borough Council","North Warwickshire",,,,,,http://planning.northwarks.gov.uk/,ApplicationSearchServletParser,NorthWarksSearchParser,
"North Wiltshire District Council","North Wiltshire",,,,,,http://planning.northwilts.gov.uk/DCOnline/acolnetcgi.gov?ACTION=UNWRAP&RIPNAME=Root.pgesearch,AcolnetParser,AcolnetParser,
"North Yorkshire County Council","North Yorkshire",,,,1,,https://onlineplanningregister.northyorks.gov.uk/Online%20Register/PlanAppList.asp,Shropshire,NorthYorkshireParser,
"Norwich City Council",Norwich,,,,,,http://publicaccess.norwich.gov.uk/publicaccess/tdc/,PublicAccess,PublicAccessParser,
"Nottingham City Council",Nottingham,,http://duncan.devel.disruptiveproactivity.com/Nottingham.cgi?day={day}&month={month}&year={year},1,,,http://plan4.nottinghamcity.gov.uk/WAM/pas/searchApplications.do,WAM,WAMParser,
"North West Leicestershire District Council","North West Leicestershire",,,,,,http://paccess.nwleics.gov.uk/PublicAccess/tdc/,PublicAccess,PublicAccessParser,
"Oadby and Wigston Borough Council","Oadby and Wigston",,,,,,http://pa.owbc.net/PublicAccess/tdc/,PublicAccess,PublicAccessParser,
"Oldham Metropolitan Borough Council",Oldham,,,,,,http://planning.oldham.gov.uk/planning/AcolNetCGI.gov?ACTION=UNWRAP&RIPNAME=Root.pgesearch,AcolnetParser,OldhamParser,
"Olympic Delivery Authority",Olympics,,,,,,http://planning.london2012.com/publicaccess/tdc/,PublicAccess,PublicAccessParser,
"Oswestry Borough Council",Oswestry,,,,1,"Now part of Shropshire Unitary Authority",http://193.114.205.78/PublicAccess/tdc/,PublicAccess,PublicAccessParser,
"Oxford City Council",Oxford,,,,,,http://uniformpublicaccess.oxford.gov.uk/publicaccess/tdc/,PublicAccess,PublicAccessParser,
"Pembrokeshire County Council",Pembrokeshire,,,,,,http://planning.pembrokeshire.gov.uk/swiftlg/apas/run/,SwiftLG,SwiftLGParser,
"Pendle Borough Council",Pendle,,,,,,http://bopdoccip.pendle.gov.uk/PlanApp/jsp/searchPlanApp-action.do,Maldon,PendleParser,
"Perth and Kinross Council",Perthshire,,,,,,http://193.63.61.22/publicaccess/tdc/,PublicAccess,PublicAccessParser,
"Peterborough City Council",Peterborough,,,,,,http://193.61.85.10/publicaccess/tdc/,PublicAccess,PublicAccessParser,
"Poole Borough Council",Poole,,http://duncan.devel.disruptiveproactivity.com/Poole.cgi?day={day}&month={month}&year={year},1,,,http://wam.boroughofpoole.com/WAM/pas/searchApplications.do,WAM,PooleParser,
"Portsmouth City Council",Portsmouth,,,,,,http://planning.portsmouth.gov.uk/PublicAccess/tdc/,PublicAccess,PublicAccessParser,
"Reading Borough Council",Reading,,,,,,http://planning.reading.gov.uk/publicaccess/tdc/,PublicAccess,PublicAccessParser,
"London Borough of Redbridge",Redbridge,,/cgi-bin/Redbridge.cgi?day={day}&month={month}&year={year},,,,,,,
"Redditch Borough Council",Redditch,,,,,,http://access.redditchbc.gov.uk/publicaccess/tdc/,PublicAccess,PublicAccessParser,
"Reigate and Banstead Borough Council","Reigate and Banstead",,,,,,,,,reigateandbanstead
"Renfrewshire Council",Renfrewshire,,,,,,http://planning.renfrewshire.gov.uk/acolnetDCpages/acolnetcgi.gov?ACTION=UNWRAP&RIPNAME=Root.PgeSearch,AcolnetParser,BoltonLikeParser,
"London Borough of Richmond upon Thames",Richmond,,,,,,,,,richmond
"Richmondshire District Council",Richmondshire,,,,,,http://publicaccess.richmondshire.gov.uk/PublicAccess/tdc/,PublicAccess,PublicAccessParser,
"Rochdale Metropolitan Borough Council",Rochdale,,,,,,http://www.rochdale.gov.uk/swiftlg/apas/run/,SwiftLG,SwiftLGParser,
"Rochford District Council",Rochford,,,,,,http://publicaccess.rochford.gov.uk/publicaccess/tdc/,PublicAccess,PublicAccessParser,
"Rother District Council",Rother,,http://duncan.devel.disruptiveproactivity.com/Rother.cgi?day={day}&month={month}&year={year},1,,,http://www.planning.rother.gov.uk/WAM/pas/searchApplications.do,WAM,WAMParser,
"Rugby Borough Council",Rugby,,http://api.hexten.net/planning.api/rugby?day={day}&month={month}&year={year},1,,,,,,
"Rushmoor Borough Council",Rushmoor,,,,,,http://pa-dc.rushmoor.gov.uk/publicaccess/tdc/,PublicAccess,PublicAccessParser,
"Rutland County Council",Rutland,,,,,,http://planningonline.rutland.gov.uk:7777,ApplicationSearchServletParser,RutlandParser,
"Ryedale District Council",Ryedale,,,,,,http://www.ryedale.gov.uk/ispforms.asp?serviceKey=SysDoc-PlanetApplicationEnquiry,Planet,PlanetParser,
"Salford City Council",Salford,,,,,,http://publicaccess.salford.gov.uk/publicaccess/tdc/,PublicAccess,PublicAccessParser,
"Sandwell Metropolitan Borough Council",Sandwell,,,,,,http://webcaps.sandwell.gov.uk/publicaccess/tdc/,PublicAccess,PublicAccessParser,
"Scarborough Borough Council",Scarborough,,,,,,http://planning.scarborough.gov.uk/publicaccess/tdc/,PublicAccess,PublicAccessParser,
"Scottish Borders Council","Scottish Borders",,,,,,http://eplanning.scotborders.gov.uk/publicaccess/tdc/,PublicAccess,PublicAccessParser,
"Selby District Council",Selby,,,,,,http://publicaccess.selby.gov.uk/publicaccess/tdc/,PublicAccess,PublicAccessParser,
"Sevenoaks District Council",Sevenoaks,,,,,,http://publicaccess.sevenoaks.gov.uk/publicaccess/tdc/,PublicAccess,PublicAccessParser,
"Sheffield City Council",Sheffield,,,,,,http://planning.sheffield.gov.uk/publicaccess/tdc/,PublicAccess,PublicAccessParser,
"Shetland Islands Council","Shetland Islands",,,,,,,Shetland,ShetlandParser,
"Shrewsbury and Atcham Borough Council",Shrewsbury,,http://duncan.devel.disruptiveproactivity.com/Shrewsbury.cgi?day={day}&month={month}&year={year},1,1,"Now part of Shropshire Unitary Authority",http://www2.shrewsbury.gov.uk/,PlanningExplorer,ShrewsburyParser,
"Shropshire Council",Shropshire,,,,,"New Unitary Authority",http://planning2.shropshire.gov.uk/publicaccess/tdc/,PublicAccess,PublicAccessParser,
"Slough Borough Council",Slough,,,,,,http://www2.slough.gov.uk/swiftlg/apas/run/,SwiftLG,SloughParser,
"Snowdonia National Park Authority",Snowdonia,,,,,,http://www.snowdonia-npa.gov.uk/swiftlg/apas/run/,SwiftLG,SwiftLGParser,
"Solihull Metropolitan Borough Council",Solihull,,,,,,,Solihull,SolihullParser,
"Somerset County Council",Somerset,,,,,,http://webapp1.somerset.gov.uk/ePlanning/loadResults.do,AtriumePlanning,AtriumePlanningParser,
"Southampton City Council",Southampton,,,,,,http://publicaccess.southampton.gov.uk/publicaccess/tdc/,PublicAccess,PublicAccessParser,
"Southend-on-Sea Borough Council",Southend,,,,,,http://planning.southend.gov.uk/PublicAccess/tdc/,PublicAccess,PublicAccessParser,
"South Bedfordshire District Council","South Bedfordshire",,,,,,http://planning.southbeds.gov.uk/plantech/DCWebPages/acolnetcgi.exe?ACTION=UNWRAP&RIPNAME=Root.PgeSearch,AcolnetParser,AcolnetParser,
"South Bucks District Council","South Bucks",,,,,,http://sbdc-paweb.southbucks.gov.uk/publicaccess/tdc/,PublicAccess,PublicAccessParser,
"South Cambridgeshire District Council","South Cambs",,http://scambs.jdi-consult.net/devcon/planningalerts.php?year={year}&month={month}&day={day},1,,"Feed from the guys who run the site :-)",,,,
"South Gloucestershire Council","South Gloucestershire",,http://duncan.devel.disruptiveproactivity.com/South%20Gloucestershire.cgi?day={day}&month={month}&year={year},1,,,http://planning.southglos.gov.uk/WAM/weeklyApplications.do,WAM,BraintreeParser,
"South Lakeland District Council","South Lakeland",,,,,,http://www.southlakeland.gov.uk/fastweb/,FastWeb,FastWeb,
"South Norfolk Council","South Norfolk",,,,,,http://planning.south-norfolk.gov.uk/,PlanningExplorer,SouthNorfolkParser,
"South Northamptonshire Council","South Northamptonshire",,,,,,http://snc.planning-register.co.uk/PlanAppList.asp,Shropshire,SouthNorthamptonshireParser,
"South Oxfordshire District Council","South Oxfordshire",,/cgi-bin/SouthOxfordshire.cgi?day={day}&month={month}&year={year},,,,,,,
"South Ribble Borough Council","South Ribble",,,,,,http://publicaccess.southribble.gov.uk/publicaccess/tdc/,PublicAccess,PublicAccessParser,
"South Shropshire District Council","South Shropshire",,http://duncan.devel.disruptiveproactivity.com/South%20Shropshire.cgi?day={day}&month={month}&year={year},1,,,http://194.201.44.102/,PlanningExplorer,SouthShropshireParser,
"South Somerset District Council","South Somerset",,/cgi-bin/SouthSomerset.cgi?day={day}&month={month}&year={year},,,,,,,
"South Staffordshire Council","South Staffordshire",,,,,,https://services.sstaffs.gov.uk/PublicAccess/tdc/,PublicAccess,PublicAccessParser,
"South Tyneside Council","South Tyneside",,http://duncan.devel.disruptiveproactivity.com/South%20Tyneside.cgi?day={day}&month={month}&year={year},1,,,http://poppy.southtyneside.gov.uk/,PlanningExplorer,SouthTynesideParser,
"London Borough of Southwark",Southwark,,,,,,http://planningonline.southwarksites.com/planningonline2/AcolNetCGI.exe?ACTION=UNWRAP&RIPNAME=Root.pgesearch,AcolnetParser,SouthwarkParser,
"Spelthorne Borough Council",Spelthorne,,,,,,http://phoenix.spelthorne.gov.uk/PublicAccess/tdc/,PublicAccess,PublicAccessParser,
"Stafford Borough Council",Stafford,,,,,,http://www3.staffordbc.gov.uk/publicaccess/tdc/,PublicAccess,PublicAccessParser,
"Staffordshire Moorlands District Council","Staffordshire Moorlands",,,,,,http://publicaccess.salford.gov.uk/publicaccess/tdc/,PublicAccess,PublicAccessParser,
"Stevenage Borough Council",Stevenage,,,,,,http://publicaccess.stevenage.gov.uk/publicaccess/tdc/,PublicAccess,PublicAccessParser,
"St Helens Council","St Helens",,,,,,http://212.248.225.150:8080/,ApplicationSearchServletParser,StHelensSearchParser,
"Stirling Council",Stirling,,,,,,http://planpub.stirling.gov.uk/publicaccess/tdc/,PublicAccess,PublicAccessParser,
"Stockport Metropolitan Borough Council",Stockport,,,,,,http://planning.stockport.gov.uk/PlanningData/AcolNetCGI.gov?ACTION=UNWRAP&RIPNAME=Root.pgesearch,AcolnetParser,AcolnetParser,
"Stockton-On-Tees Borough Council",Stockton-On-Tees,,,,,,http://www.developmentcontrol.stockton.gov.uk/publicaccess/tdc/,PublicAccess,PublicAccessParser,
"Suffolk County Council",Suffolk,,,,,,http://atrium.suffolkcc.gov.uk/ePlanning/loadResults.do,AtriumePlanning,AtriumePlanningParser,
"Suffolk Coastal District Council","Suffolk Coastal",,,,,,http://apps3.suffolkcoastal.gov.uk/DCDataV2/acolnetcgi.gov?ACTION=UNWRAP&RIPNAME=Root.pgesearch,AcolnetParser,AcolnetParser,
"Sunderland City Council",Sunderland,,,,,,http://www.sunderland.gov.uk/publicaccess/tdc/,PublicAccess,PublicAccessParser,
"Surrey Heath Borough Council","Surrey Heath",,,,,,https://www.public.surreyheath-online.gov.uk/whalecom60b1ef305f59f921/whalecom0/Scripts/PlanningPagesOnline/acolnetcgi.gov?ACTION=UNWRAP&RIPNAME=Root.pgesearch,AcolnetParser,SurreyHeathParser,
"London Borough of Sutton",Sutton,,,,,,http://213.122.180.105/FASTWEB/,FastWeb,FastWeb,
"Swansea City and County",Swansea,,http://duncan.devel.disruptiveproactivity.com/Swansea.cgi?day={day}&month={month}&year={year},1,,,http://www2.swansea.gov.uk/,PlanningExplorer,SwanseaParser,
"Swindon Borough Council",Swindon,,,,,,http://194.73.99.13/publicaccess/tdc/,PublicAccess,PublicAccessParser,
"Tamworth Borough Council",Tamworth,,,,,,http://80.1.64.91/,PlanningExplorer,TamworthParser,
"Teignbridge District Council",Teignbridge,,,,,,http://213.152.63.161/publicaccess/tdc/,PublicAccess,PublicAccessParser,
"Tendring District Council",Tendring,,,,,,http://195.99.151.54/publicaccess/tdc/,PublicAccess,PublicAccessParser,
"Test Valley Borough Council","Test Valley",,,,,,http://publicaccess.testvalley.gov.uk/publicaccess/tdc/,PublicAccess,PublicAccessParser,
"Tewkesbury Borough Council",Tewkesbury,,,,,,http://planning.tewkesbury.gov.uk/Planet/ispforms.asp?serviceKey=07WCC04163103430,Planet,PlanetParser,
"Three Rivers District Council","Three Rivers",,,,,,http://www2.threerivers.gov.uk/publicaccess/tdc/,PublicAccess,PublicAccessParser,
"Thurrock Borough Council",Thurrock,,,,,,http://regs.thurrock.gov.uk/PublicAccess/tdc/,PublicAccess,PublicAccessParser,
"Tonbridge and Malling Borough Council",Tonbridge,,,,,,http://publicaccess.tmbc.gov.uk/publicaccess/tdc/,PublicAccess,PublicAccessParser,
"Torbay Council",Torbay,,,,,,http://www.torbay.gov.uk/publicaccess/tdc/,PublicAccess,PublicAccessParser,
"Torridge District Council",Torridge,,,,,,http://www.torridge.gov.uk/publicaccess/tdc/,PublicAccess,PublicAccessParser,
"London Borough of Tower Hamlets","Tower Hamlets",,,,,,http://194.201.98.213/WAM/weeklyApplications.do,WAM,BraintreeParser,
"Trafford Council",Trafford,,http://duncan.devel.disruptiveproactivity.com/Trafford.cgi?day={day}&month={month}&year={year},1,,,http://planning.trafford.gov.uk/,PlanningExplorer,TraffordParser,
"Tunbridge Wells Borough Council","Tunbridge Wells",,,,,,http://secure.tunbridgewells.gov.uk/publicaccess/tdc/,PublicAccess,PublicAccessParser,
"Uttlesford District Council",Uttlesford,,,,,,http://planning.uttlesford.gov.uk/portal/page/portal/plan/weekly,Ocella,OcellaParser,
"Vale of the White Horse District Council","Vale of the White Horse",,,,,,http://planning.whitehorsedc.gov.uk/publicaccess/tdc/,PublicAccess,PublicAccessParser,
"Vale Royal Borough Council","Vale Royal",,,,,,http://pa.valeroyal.gov.uk/publicaccess/tdc/,PublicAccess,PublicAccessParser,
"Wakefield Metropolitan District Council",Wakefield,,,,,,http://planning.wakefield.gov.uk/publicaccess/tdc/,PublicAccess,PublicAccessParser,
"Waltham Forest Council","Waltham Forest",,,,,,http://planning.walthamforest.gov.uk/,PlanningExplorer,WalthamForestParser,
"Wansbeck District Council",Wansbeck,,http://www.wansbeck.gov.uk/planning.cfm?day={day}&month={month}&year={year},1,1,"Now part of Northumberland. The page they put up for us has gone :-(",,,,
"Warrington Borough Council",Warrington,,,,,,http://212.248.237.123:8080/swiftlg/apas/run/wphappcriteria.display,SwiftLG,SwiftLGParser,
"Watford Borough Council",Watford,,,,,,http://ww3.watford.gov.uk/publicaccess/tdc/,PublicAccess,PublicAccessParser,
"Waveney District Council",Waveney,,,,,,http://publicaccess.waveney.gov.uk/PublicAccess/tdc/,PublicAccess,PublicAccessParser,
"Wealden District Council",Wealden,,,,,,,,,wealden
"Wear Valley District Council","Wear Valley",,,,,,http://planning.wearvalley.gov.uk/,ApplicationSearchServletParser,WearValleySearchParser,
"Wellingborough Borough Council",Wellingborough,,,,,,http://planning.wellingborough.gov.uk/,ApplicationSearchServletParser,WellingboroughSearchParser,
"Welwyn-Hatfield District Council",Welwyn-Hatfield,,,,,,https://fastweb.welhat.gov.uk/,FastWeb,FastWeb,
"West Berkshire Council","West Berkshire",,,,,,http://ww2.westberks.gov.uk/publicaccess/tdc/,PublicAccess,PublicAccessParser,
"West Dorset District Council","West Dorset",,,,,,,WestDorset,WestDorsetParser,
"West Lancashire District Council","West Lancashire",,,,,,http://publicaccess.westlancsdc.gov.uk/PublicAccess/tdc/,PublicAccess,PublicAccessParser,
"Westminster City Council",Westminster,,http://duncan.devel.disruptiveproactivity.com/Westminster.cgi?day={day}&month={month}&year={year},1,,,,Westminster,WestminsterParser,
"Kings Lynn and West Norfolk Borough Council","West Norfolk",,,,,,http://online.west-norfolk.gov.uk/publicaccess/tdc/,PublicAccess,PublicAccessParser,
"West Oxfordshire District Council","West Oxfordshire",,,,,,http://planning.westoxon.gov.uk/,PlanningExplorer,WestOxfordshireParser,
"West Sussex County Council","West Sussex",,,,,,http://eplanning.westsussex.gov.uk/ePlanningOPS/loadResults.do,AtriumePlanning,AtriumePlanningParser,
"West Wiltshire District Council","West Wiltshire",,,,,,http://planning.westwiltshire.gov.uk/publicaccess/tdc/,PublicAccess,PublicAccessParser,
"Wiltshire County Council",Wiltshire,,,,,,,,,wiltshire
"Winchester City Council",Winchester,,,,1,"Now using a bespoke system",http://win2padmz.winchester.gov.uk/publicaccess/tdc/,PublicAccess,PublicAccessParser,
"Woking Borough Council",Woking,,,,,,http://caps.woking.gov.uk/publicaccess/tdc/,PublicAccess,PublicAccessParser,
"Wolverhampton City Council",Wolverhampton,,,,,,http://planningonline.wolverhampton.gov.uk/PublicAccess/tdc/,PublicAccess,PublicAccessParser,
"Worcester City Council",Worcester,,,,,,http://www.worcester.gov.uk:8080/planet/ispforms.asp?serviceKey=SysDoc-PlanetApplicationEnquiry,Planet,PlanetParser,
"Worthing Borough Council",Worthing,,,,,,http://planning.worthing.gov.uk/publicaccess/tdc/,PublicAccess,PublicAccessParser,
"Wychavon District Council",Wychavon,,,,,,,Wychavon,WychavonParser,
"Wycombe District Council",Wycombe,,,,,,http://planningpa.wycombe.gov.uk/publicaccess/tdc/,PublicAccess,PublicAccessParser,
"Wyre Forest District Council","Wyre Forest",,,,,,http://www.wyreforest.gov.uk/fastweb/,FastWeb,FastWeb,
"City of York Council",York,,,,,,http://planning.york.gov.uk/PublicAccess/tdc/,PublicAccess,PublicAccessParser,
